{"header_mobile_top_elements":"{\"element-y8Zmk\":{\"size\":\"12\",\"index\":\"1\",\"offset\":\"0\",\"element\":\"promo_text\"}}","header_mobile_main_elements":"{\"element-LJqmC\":{\"size\":\"12\",\"index\":\"1\",\"offset\":\"0\",\"element\":\"connect_block\"}}","header_mobile_bottom_elements":"{\"element-fPaqZ\":{\"size\":\"12\",\"index\":\"1\",\"offset\":\"0\",\"element\":\"logo\"}}","connect_block_mobile_package":"[{\"id\":\"element-LJqmC\",\"type\":\"horizontal\",\"align\":\"center\",\"spacing\":\"20\",\"data\":\"{\\\"mobile_menu\\\":{\\\"index\\\":1},\\\"account\\\":{\\\"index\\\":4},\\\"cart\\\":{\\\"index\\\":5},\\\"wishlist\\\":{\\\"index\\\":3},\\\"search\\\":{\\\"index\\\":2}}\"}]","options":{"logo_align_et-mobile":"center","logo_width_et-mobile":"130","logo_box_model_et-mobile":{"margin-top":"0px","margin-right":"0px","margin-bottom":"0px","margin-left":"0px","border-top-width":"0px","border-right-width":"0px","border-bottom-width":"0px","border-left-width":"0px","padding-top":"0px","padding-right":"0px","padding-bottom":"0px","padding-left":"0px"},"top_header_height_et-mobile":"30","top_header_zoom_et-mobile":"100","top_header_background_et-mobile":{"background-color":"#ffffff","background-image":"","background-repeat":"","background-position":"","background-size":"","background-attachment":""},"top_header_color_et-mobile":"#000000","main_header_height_et-mobile":"45","main_header_zoom_et-mobile":"100","main_header_background_et-mobile":{"background-color":"#0a0a0a","background-image":"","background-repeat":"no-repeat","background-position":"center center","background-size":"","background-attachment":""},"main_header_color_et-mobile":"#ffffff","bottom_header_height_et-mobile":"45","bottom_header_zoom_et-mobile":"100","bottom_header_background_et-mobile":{"background-color":"#ffffff","background-image":"","background-repeat":"no-repeat","background-position":"center center","background-size":"","background-attachment":""},"bottom_header_color_et-mobile":"#000000","top_header_sticky_et-mobile":false,"main_header_sticky_et-mobile":true,"bottom_header_sticky_et-mobile":false,"top_header_sticky_height_et-mobile":"60","main_header_sticky_height_et-mobile":"50","bottom_header_sticky_height_et-mobile":"40","top_header_sticky_background_et-mobile":{"background-color":"#ffffff","background-image":"","background-repeat":"no-repeat","background-position":"center center","background-size":"","background-attachment":""},"top_header_sticky_color_et-mobile":"#000000","main_header_sticky_background_et-mobile":{"background-color":"#000000","background-image":"","background-repeat":"no-repeat","background-position":"center center","background-size":"","background-attachment":""},"main_header_sticky_color_et-mobile":"#ffffff","bottom_header_sticky_background_et-mobile":{"background-color":"#ffffff","background-image":"","background-repeat":"no-repeat","background-position":"center center","background-size":"","background-attachment":""},"bottom_header_sticky_color_et-mobile":"#000000","menu_zoom_et-mobile":"100","menu_2_zoom_et-mobile":"100","mobile_menu_icon_zoom_et-mobile":1.3,"mobile_menu_content_alignment_et-mobile":"center","cart_icon_zoom_et-mobile":1.3999999999999999,"cart_label_et-mobile":false,"cart_total_et-mobile":false,"cart_content_alignment_et-mobile":"center","cart_box_model_et-mobile":{"margin-top":"0px","margin-right":"0px","margin-bottom":"0px","margin-left":"0px","border-top-width":"0px","border-right-width":"0px","border-bottom-width":"0px","border-left-width":"0px","padding-top":"0px","padding-right":"0px","padding-bottom":"0px","padding-left":"0px"},"cart_zoom_et-mobile":"100","account_icon_zoom_et-mobile":1.3,"account_icon_et-mobile":"type1","account_label_et-mobile":false,"account_content_alignment_et-mobile":"center","account_box_model_et-mobile":{"margin-top":"0px","margin-right":"0px","margin-bottom":"0px","margin-left":"0px","border-top-width":"0px","border-right-width":"0px","border-bottom-width":"0px","border-left-width":"0px","padding-top":"0px","padding-right":"0px","padding-bottom":"0px","padding-left":"0px"},"button_content_align_et-mobile":"start","header_socials_content_alignment_et-mobile":"start","header_socials_elements_zoom_et-mobile":"100","header_socials_elements_spacing_et-mobile":"5","search_type_et-mobile":"icon","search_icon_zoom_et-mobile":1.2,"search_content_alignment_et-mobile":"center","search_width_et-mobile":"100","search_height_et-mobile":"30","search_border_radius_et-mobile":"0","search_input_box_model_et-mobile":{"margin-top":"0px","margin-right":"","margin-bottom":"0px","margin-left":"","border-top-width":"1px","border-right-width":"1px","border-bottom-width":"1px","border-left-width":"1px","padding-top":"0px","padding-right":"0px","padding-bottom":"0px","padding-left":"0px"},"search_icon_box_model_et-mobile":{"margin-top":"0px","margin-right":"0px","margin-bottom":"0px","margin-left":"0px","border-top-width":"0px","border-right-width":"0px","border-bottom-width":"0px","border-left-width":"0px","padding-top":"0px","padding-right":"0px","padding-bottom":"0px","padding-left":"0px"},"search_zoom_et-mobile":"100","search_content_box_model_et-mobile":{"margin-top":"0px","margin-right":"0px","margin-bottom":"0px","margin-left":"0px","border-top-width":"1px","border-right-width":"1px","border-bottom-width":"1px","border-left-width":"1px","padding-top":"10px","padding-right":"10px","padding-bottom":"10px","padding-left":"10px"},"wishlist_icon_zoom_et-mobile":1.3999999999999999,"wishlist_label_et-mobile":false,"wishlist_content_alignment_et-mobile":"center","wishlist_box_model_et-mobile":{"margin-top":"0px","margin-right":"0px","margin-bottom":"0px","margin-left":"0px","border-top-width":"0px","border-right-width":"0px","border-bottom-width":"0px","border-left-width":"0px","padding-top":"0px","padding-right":"0px","padding-bottom":"0px","padding-left":"0px"},"wishlist_zoom_et-mobile":"100"}}