{"header_mobile_top_elements":"{}","header_mobile_main_elements":"{\"element-fPaqZ\":{\"size\":\"6\",\"index\":\"1\",\"offset\":\"0\",\"element\":\"logo\"},\"element-8DVZn\":{\"size\":\"6\",\"index\":\"7\",\"offset\":\"0\",\"element\":\"connect_block\"}}","header_mobile_bottom_elements":"{\"element-Kosei\":{\"size\":\"12\",\"index\":\"1\",\"offset\":\"0\",\"element\":\"search\"}}","connect_block_mobile_package":"[{\"id\":\"element-8DVZn\",\"type\":\"horizontal\",\"align\":\"end\",\"spacing\":\"7\",\"data\":\"{\\\"account\\\":{\\\"index\\\":1},\\\"wishlist\\\":{\\\"index\\\":2},\\\"cart\\\":{\\\"index\\\":3},\\\"mobile_menu\\\":{\\\"index\\\":4}}\"}]","options":{"logo_align_et-mobile":"start","logo_width_et-mobile":"100","logo_box_model_et-mobile":{"margin-top":"0px","margin-right":"0px","margin-bottom":"0px","margin-left":"0px","border-top-width":"0px","border-right-width":"0px","border-bottom-width":"0px","border-left-width":"0px","padding-top":"0px","padding-right":"0px","padding-bottom":"0px","padding-left":"0px"},"top_header_height_et-mobile":"55","top_header_zoom_et-mobile":"90","top_header_background_et-mobile":{"background-color":"#ffffff","background-image":"","background-repeat":"","background-position":"","background-size":"","background-attachment":""},"top_header_color_et-mobile":"#000000","main_header_height_et-mobile":"55","main_header_zoom_et-mobile":"110","main_header_background_et-mobile":{"background-color":"#ffffff","background-image":"","background-repeat":"no-repeat","background-position":"center center","background-size":"","background-attachment":""},"main_header_color_et-mobile":"#000000","bottom_header_height_et-mobile":"55","bottom_header_zoom_et-mobile":"100","bottom_header_background_et-mobile":{"background-color":"#ffffff","background-image":"","background-repeat":"no-repeat","background-position":"center center","background-size":"","background-attachment":""},"bottom_header_color_et-mobile":"#000000","top_header_sticky_et-mobile":false,"main_header_sticky_et-mobile":true,"bottom_header_sticky_et-mobile":false,"top_header_sticky_height_et-mobile":"60","main_header_sticky_height_et-mobile":"50","bottom_header_sticky_height_et-mobile":"60","top_header_sticky_background_et-mobile":{"background-color":"#ffffff","background-image":"","background-repeat":"no-repeat","background-position":"center center","background-size":"","background-attachment":""},"top_header_sticky_color_et-mobile":"#000000","main_header_sticky_background_et-mobile":{"background-color":"#ffffff","background-image":"","background-repeat":"no-repeat","background-position":"center center","background-size":"","background-attachment":""},"main_header_sticky_color_et-mobile":"#000000","bottom_header_sticky_background_et-mobile":{"background-color":"#ffffff","background-image":"","background-repeat":"no-repeat","background-position":"center center","background-size":"","background-attachment":""},"bottom_header_sticky_color_et-mobile":"#000000","menu_zoom_et-mobile":"100","menu_2_zoom_et-mobile":"100","mobile_menu_icon_zoom_et-mobile":1.3,"mobile_menu_content_alignment_et-mobile":"center","cart_icon_zoom_et-mobile":1.3,"cart_label_et-mobile":false,"cart_total_et-mobile":false,"cart_content_alignment_et-mobile":"end","cart_box_model_et-mobile":{"margin-top":"0px","margin-right":"0px","margin-bottom":"0px","margin-left":"0px","border-top-width":"0px","border-right-width":"0px","border-bottom-width":"0px","border-left-width":"0px","padding-top":"0px","padding-right":"0px","padding-bottom":"0px","padding-left":"0px"},"cart_zoom_et-mobile":"100","account_icon_zoom_et-mobile":1.2,"account_icon_et-mobile":"type1","account_label_et-mobile":false,"account_content_alignment_et-mobile":"start","account_box_model_et-mobile":{"margin-top":"0px","margin-right":"0px","margin-bottom":"0px","margin-left":"0px","border-top-width":"0px","border-right-width":"0px","border-bottom-width":"0px","border-left-width":"0px","padding-top":"0px","padding-right":"0px","padding-bottom":"0px","padding-left":"0px"},"button_content_align_et-mobile":"start","header_socials_content_alignment_et-mobile":"center","header_socials_elements_zoom_et-mobile":"90","header_socials_elements_spacing_et-mobile":"8","search_type_et-mobile":"input","search_icon_zoom_et-mobile":1,"search_content_alignment_et-mobile":"center","search_width_et-mobile":"100","search_height_et-mobile":"30","search_border_radius_et-mobile":"0","search_input_box_model_et-mobile":{"margin-top":"0px","margin-right":"","margin-bottom":"0px","margin-left":"","border-top-width":"1px","border-right-width":"1px","border-bottom-width":"1px","border-left-width":"1px","padding-top":"0px","padding-right":"0px","padding-bottom":"0px","padding-left":"0px"},"search_icon_box_model_et-mobile":{"margin-top":"0px","margin-right":"0px","margin-bottom":"0px","margin-left":"0px","border-top-width":"0px","border-right-width":"0px","border-bottom-width":"0px","border-left-width":"0px","padding-top":"0px","padding-right":"0px","padding-bottom":"0px","padding-left":"0px"},"search_zoom_et-mobile":"100","search_content_box_model_et-mobile":{"margin-top":"0px","margin-right":"0px","margin-bottom":"0px","margin-left":"0px","border-top-width":"1px","border-right-width":"1px","border-bottom-width":"1px","border-left-width":"1px","padding-top":"10px","padding-right":"10px","padding-bottom":"10px","padding-left":"10px"},"wishlist_icon_zoom_et-mobile":1.3,"wishlist_label_et-mobile":false,"wishlist_content_alignment_et-mobile":"center","wishlist_box_model_et-mobile":{"margin-top":"0px","margin-right":"0px","margin-bottom":"0px","margin-left":"0px","border-top-width":"0px","border-right-width":"0px","border-bottom-width":"0px","border-left-width":"0px","padding-top":"0px","padding-right":"0px","padding-bottom":"0px","padding-left":"0px"},"wishlist_zoom_et-mobile":"100"}}