{"header_top_elements":"{\"element-DWnDe\":{\"size\":\"12\",\"index\":\"1\",\"offset\":\"0\",\"element\":\"promo_text\"}}","header_main_elements":"{\"element-PhHvo\":{\"size\":\"4\",\"index\":\"1\",\"offset\":\"0\",\"element\":\"mobile_menu\"},\"element-KRycs\":{\"size\":\"4\",\"index\":\"5\",\"offset\":\"0\",\"element\":\"logo\"},\"element-9LsiX\":{\"size\":\"4\",\"index\":\"9\",\"offset\":\"0\",\"element\":\"cart\"}}","header_bottom_elements":"{}","connect_block_package":"[]","options":{"logo_img_et-desktop":{"id":"","url":"","width":"","height":""},"retina_logo_img_et-desktop":{"id":"","url":"","width":"","height":""},"logo_align_et-desktop":"center","logo_width_et-desktop":"140","logo_box_model_et-desktop":{"margin-top":"0px","margin-right":"0px","margin-bottom":"0px","margin-left":"0px","border-top-width":"0px","border-right-width":"0px","border-bottom-width":"0px","border-left-width":"0px","padding-top":"0px","padding-right":"0px","padding-bottom":"0px","padding-left":"0px"},"logo_border_et-desktop":"solid","logo_border_color_custom_et-desktop":"","top_header_wide_et-desktop":true,"top_header_height_et-desktop":"30","top_header_fonts_et-desktop":{"text-transform":"none"},"top_header_zoom_et-desktop":"100","top_header_background_et-desktop":{"background-color":"#ffffff","background-image":"","background-repeat":"no-repeat","background-position":"center center","background-size":"","background-attachment":""},"top_header_color_et-desktop":"#000000","top_header_box_model_et-desktop":{"margin-top":"0px","margin-right":"0px","margin-bottom":"0px","margin-left":"0px","border-top-width":"0px","border-right-width":"0px","border-bottom-width":"0px","border-left-width":"0px","padding-top":"0px","padding-right":"0px","padding-bottom":"0px","padding-left":"0px"},"top_header_border_et-desktop":"solid","top_header_border_color_custom_et-desktop":"#e1e1e1","main_header_wide_et-desktop":false,"main_header_height_et-desktop":"100","main_header_fonts_et-desktop":{"text-transform":"uppercase","font-backup":"","variant":"regular","font-weight":400,"font-style":"normal"},"main_header_zoom_et-desktop":"100","main_header_background_et-desktop":{"background-color":"#ffffff","background-image":"","background-repeat":"no-repeat","background-position":"center center","background-size":"","background-attachment":""},"main_header_color_et-desktop":"#000000","main_header_box_model_et-desktop":{"margin-top":"0px","margin-right":"0px","margin-bottom":"0px","margin-left":"0px","border-top-width":"0px","border-right-width":"0px","border-bottom-width":"0px","border-left-width":"0px","padding-top":"0px","padding-right":"0px","padding-bottom":"0px","padding-left":"0px"},"main_header_border_et-desktop":"solid","main_header_border_color_custom_et-desktop":"#e1e1e1","bottom_header_wide_et-desktop":false,"bottom_header_height_et-desktop":"40","bottom_header_fonts_et-desktop":{"text-transform":"none"},"bottom_header_zoom_et-desktop":"100","bottom_header_background_et-desktop":{"background-color":"#ffffff","background-image":"","background-repeat":"no-repeat","background-position":"center center","background-size":"","background-attachment":""},"bottom_header_color_et-desktop":"#000000","bottom_header_box_model_et-desktop":{"margin-top":"0px","margin-right":"0px","margin-bottom":"0px","margin-left":"0px","border-top-width":"0px","border-right-width":"0px","border-bottom-width":"0px","border-left-width":"0px","padding-top":"0px","padding-right":"0px","padding-bottom":"0px","padding-left":"0px"},"bottom_header_border_et-desktop":"solid","bottom_header_border_color_custom_et-desktop":"","top_header_sticky_et-desktop":false,"main_header_sticky_et-desktop":true,"bottom_header_sticky_et-desktop":false,"header_sticky_type_et-desktop":"smart","headers_sticky_animation_et-desktop":"toBottomFull","headers_sticky_animation_duration_et-desktop":0.70000000000000007,"headers_sticky_start_et-desktop":"80","headers_sticky_logo_img_et-desktop":{"id":"","url":"","width":"","height":""},"top_header_sticky_height_et-desktop":"60","top_header_sticky_background_et-desktop":{"background-color":"#ffffff","background-image":"","background-repeat":"no-repeat","background-position":"center center","background-size":"","background-attachment":""},"top_header_sticky_color_et-desktop":"#000000","main_header_sticky_height_et-desktop":"75","main_header_sticky_background_et-desktop":{"background-color":"#ffffff","background-image":"","background-repeat":"no-repeat","background-position":"center center","background-size":"","background-attachment":""},"main_header_sticky_color_et-desktop":"#000000","bottom_header_sticky_height_et-desktop":"60","bottom_header_sticky_background_et-desktop":{"background-color":"#ffffff","background-image":"","background-repeat":"no-repeat","background-position":"center center","background-size":"","background-attachment":""},"bottom_header_sticky_color_et-desktop":"#000000","menu_item_style_et-desktop":"underline","main_menu_term":"53","menu_zoom_et-desktop":"100","menu_alignment_et-desktop":"flex-end","menu_item_fonts_et-desktop":{"font-family":"","variant":"","letter-spacing":"0px","text-transform":"inherit","font-weight":0,"font-style":""},"menu_item_border_radius_et-desktop":"30","menu_item_color_custom_et-desktop":"","menu_item_background_color_custom_et-desktop":"#c62828","menu_item_hover_color_custom_et-desktop":"#888888","menu_item_line_hover_color_custom_et-desktop":"#888888","menu_item_dots_color_custom_et-desktop":"#888888","menu_item_background_hover_color_custom_et-desktop":"","menu_item_box_model_et-desktop":{"margin-top":"0px","margin-right":"0px","margin-bottom":"0px","margin-left":"0px","border-top-width":"0px","border-right-width":"0px","border-bottom-width":"0px","border-left-width":"0px","padding-top":"10px","padding-right":"10px","padding-bottom":"10px","padding-left":"10px"},"menu_nice_space_et-desktop":false,"menu_item_border_color_custom_et-desktop":"","menu_item_border_hover_color_custom_et-desktop":"","menu_2_item_style_et-desktop":"underline","main_menu_2_term":"","menu_2_zoom_et-desktop":"100","menu_2_alignment_et-desktop":"flex-start","menu_2_item_fonts_et-desktop":{"font-family":"","variant":"","letter-spacing":"0px","text-transform":"inherit","font-weight":0,"font-style":""},"menu_2_item_border_radius_et-desktop":"30","menu_2_item_color_custom_et-desktop":"","menu_2_item_background_color_custom_et-desktop":"#c62828","menu_2_item_hover_color_custom_et-desktop":"#888888","menu_2_item_line_hover_color_custom_et-desktop":"#888888","menu_2_item_dots_color_custom_et-desktop":"#888888","menu_2_item_background_hover_color_custom_et-desktop":"","menu_2_item_box_model_et-desktop":{"margin-top":"0px","margin-right":"0px","margin-bottom":"0px","margin-left":"0px","border-top-width":"0px","border-right-width":"0px","border-bottom-width":"0px","border-left-width":"0px","padding-top":"10px","padding-right":"10px","padding-bottom":"10px","padding-left":"10px"},"menu_2_nice_space_et-desktop":false,"menu_2_item_border_color_custom_et-desktop":"","menu_2_item_border_hover_color_custom_et-desktop":"","menu_dropdown_zoom_et-desktop":"110","menu_dropdown_fonts_et-desktop":{"font-family":"","variant":"","letter-spacing":"0px","text-transform":"none","font-weight":0,"font-style":""},"menu_dropdown_background_custom_et-desktop":"#ffffff","menu_dropdown_color_et-desktop":"#000000","menu_dropdown_box_model_et-desktop":{"margin-top":"0px","margin-right":"0px","margin-bottom":"0px","margin-left":"0px","border-top-width":"1px","border-right-width":"1px","border-bottom-width":"1px","border-left-width":"1px","padding-top":"1em","padding-right":"2.14em","padding-bottom":"1em","padding-left":"2.14em"},"menu_dropdown_border_et-desktop":"solid","menu_dropdown_border_color_custom_et-desktop":"","secondary_menu_visibility":"on_hover","secondary_menu_home":true,"all_departments_text":"All departments","secondary_menu_term":"","secondary_title_fonts_et-desktop":{"font-family":"","variant":"","letter-spacing":"0px","text-transform":"inherit","font-weight":0,"font-style":""},"secondary_title_background_color_custom_et-desktop":"#c62826","secondary_title_color_et-desktop":"#ffffff","secondary_title_border_radius_et-desktop":"0","secondary_title_box_model_et-desktop":{"margin-top":"0px","margin-right":"0px","margin-bottom":"0px","margin-left":"0px","border-top-width":"0px","border-right-width":"0px","border-bottom-width":"0px","border-left-width":"0px","padding-top":"15px","padding-right":"10px","padding-bottom":"15px","padding-left":"10px"},"secondary_title_border_et-desktop":"solid","secondary_title_border_color_custom_et-desktop":"#e1e1e1","secondary_menu_content_zoom_et-desktop":"100","secondary_menu_content_box_model_et-desktop":{"margin-top":"0px","margin-right":"0px","margin-bottom":"0px","margin-left":"0px","border-top-width":"0px","border-right-width":"1px","border-bottom-width":"1px","border-left-width":"1px","padding-top":"15px","padding-right":"30px","padding-bottom":"15px","padding-left":"30px"},"secondary_menu_content_border_et-desktop":"solid","secondary_menu_content_border_color_custom_et-desktop":"#e1e1e1","mobile_menu_type_et-desktop":"off_canvas_left","mobile_menu_icon_et-desktop":"icon1","mobile_menu_icon_zoom_et-desktop":1.5,"mobile_menu_label_et-desktop":false,"mobile_menu_text":"Menu","mobile_menu_item_click_et-desktop":false,"mobile_menu_content":["logo","search","menu","wishlist","cart","account","header_socials"],"mobile_menu_2":"categories","mobile_menu_term":"","mobile_menu_logo_type_et-desktop":"simple","mobile_menu_logo_width_et-desktop":"120","mobile_menu_content_alignment_et-desktop":"start","mobile_menu_box_model_et-desktop":{"margin-top":"0px","margin-right":"0px","margin-bottom":"0px","margin-left":"0px","border-top-width":"0px","border-right-width":"0px","border-bottom-width":"0px","border-left-width":"0px","padding-top":"0px","padding-right":"0px","padding-bottom":"0px","padding-left":"0px"},"mobile_menu_border_et-desktop":"solid","mobile_menu_border_color_custom_et-desktop":"#e1e1e1","mobile_menu_content_fonts_et-desktop":{"text-transform":"capitalize","font-backup":"","variant":"regular","font-weight":400,"font-style":"normal"},"mobile_menu_zoom_dropdown_et-desktop":"100","mobile_menu_zoom_popup_et-desktop":"100","mobile_menu_overlay_et-desktop":"rgba(0,0,0,.3)","mobile_menu_color2_et-desktop":"#ffffff","mobile_menu_max_height_et-desktop":"500","mobile_menu_background_color_et-desktop":"#ffffff","mobile_menu_color_et-desktop":"#000000","mobile_menu_content_box_model_et-desktop":{"margin-top":"0px","margin-right":"0px","margin-bottom":"0px","margin-left":"0px","border-top-width":"0px","border-right-width":"0px","border-bottom-width":"0px","border-left-width":"0px","padding-top":"10px","padding-right":"10px","padding-bottom":"10px","padding-left":"10px"},"mobile_menu_content_border_et-desktop":"solid","mobile_menu_content_border_color_custom_et-desktop":"#e1e1e1","cart_style_et-desktop":"type1","cart_icon_et-desktop":"type2","cart_icon_zoom_et-desktop":1.5,"cart_label_et-desktop":false,"cart_label_custom":"Cart","cart_total_et-desktop":false,"cart_content_type_et-desktop":"dropdown","mini-cart-items-count":"3","cart_link_to":"cart_url","cart_custom_url":"#","cart_quantity_et-desktop":true,"cart_quantity_size_et-desktop":0.75,"cart_quantity_active_background_custom_et-desktop":"#ffffff","cart_quantity_active_color_et-desktop":"#000000","cart_content_alignment_et-desktop":"end","cart_background_et-desktop":"current","cart_background_custom_et-desktop":"#ffffff","cart_color_et-desktop":"#000000","cart_border_radius_et-desktop":"0","cart_box_model_et-desktop":{"margin-top":"0px","margin-right":"0px","margin-bottom":"0px","margin-left":"0px","border-top-width":"0px","border-right-width":"0px","border-bottom-width":"0px","border-left-width":"0px","padding-top":"0px","padding-right":"0px","padding-bottom":"0px","padding-left":"0px"},"cart_border_et-desktop":"solid","cart_border_color_custom_et-desktop":"#e1e1e1","cart_zoom_et-desktop":"100","cart_dropdown_position_et-desktop":"right","cart_dropdown_position_custom_et-desktop":"0","cart_dropdown_background_custom_et-desktop":"#ffffff","cart_dropdown_color_et-desktop":"#000000","cart_content_position_et-desktop":"right","cart_content_box_model_et-desktop":{"margin-top":"0px","margin-right":"0px","margin-bottom":"0px","margin-left":"0px","border-top-width":"1px","border-right-width":"1px","border-bottom-width":"1px","border-left-width":"1px","padding-top":"20px","padding-right":"20px","padding-bottom":"20px","padding-left":"20px"},"cart_content_border_et-desktop":"solid","cart_content_border_color_custom_et-desktop":"#e1e1e1","cart_footer_content_et-desktop":"Free shipping over 49$","cart_footer_background_custom_et-desktop":"#f5f5f5","cart_footer_color_et-desktop":"#555555","account_background_et-desktop":"","account_style_et-desktop":"type1","account_icon_et-desktop":"type1","account_icon_zoom_et-desktop":1.5,"account_content_type_et-desktop":"dropdown","account_label_et-desktop":true,"account_label_username":false,"account_text":"Log in \/ Sign in","account_logged_in_text":"My account","account_content_alignment_et-desktop":"start","account_background_custom_et-desktop":null,"account_color_et-desktop":"#ffffff","account_border_radius_et-desktop":"0","account_box_model_et-desktop":{"margin-top":"0px","margin-right":"0px","margin-bottom":"0px","margin-left":"0px","border-top-width":"0px","border-right-width":"0px","border-bottom-width":"0px","border-left-width":"0px","padding-top":"0px","padding-right":"0px","padding-bottom":"0px","padding-left":"0px"},"account_border_et-desktop":"solid","account_border_color_custom_et-desktop":"","account_zoom_et-desktop":"100","account_dropdown_position_et-desktop":"right","account_dropdown_position_custom_et-desktop":"0","account_dropdown_background_custom_et-desktop":"#ffffff","account_dropdown_color_et-desktop":"#000000","account_content_box_model_et-desktop":{"margin-top":"0px","margin-right":"0px","margin-bottom":"0px","margin-left":"0px","border-top-width":"1px","border-right-width":"1px","border-bottom-width":"1px","border-left-width":"1px","padding-top":"10px","padding-right":"10px","padding-bottom":"10px","padding-left":"10px"},"account_content_border_et-desktop":"solid","account_content_border_color_custom_et-desktop":"#e1e1e1","header_widget1":"","header_widget2":"","html_block1":"","html_block1_sections":false,"html_block1_section":"","html_block2":"","html_block2_sections":false,"html_block2_section":"","html_block3":"","html_block3_sections":false,"html_block3_section":"","promo_text_package":[{"text":"Take 30% off when you spend $120","icon":"et_icon-delivery","icon_position":"before","link_title":"Go shop","link":"#"},{"text":"Free 2-days standard shipping on orders $255+","icon":"et_icon-coupon","icon_position":"before","link_title":"Custom link","link":"#"}],"promo_text_autoplay_et-desktop":true,"promo_text_speed_et-desktop":"3","promo_text_delay_et-desktop":"4","promo_text_navigation_et-desktop":false,"promo_text_close_button_et-desktop":true,"promo_text_close_button_action_et-desktop":false,"promo_text_height_et-desktop":"38","promo_text_background_custom_et-desktop":"#000000","promo_text_color_et-desktop":"#ffffff","button_text_et-desktop":"Button","button_link_et-desktop":"","button_custom_link_et-desktop":"","button_fonts_et-desktop":{"text-transform":"none"},"button_zoom_et-desktop":1,"button_content_align_et-desktop":"start","button_background_custom_et-desktop":"#000000","button_border_radius_et-desktop":"0","button_box_model_et-desktop":{"margin-top":"0px","margin-right":"0px","margin-bottom":"0px","margin-left":"0px","border-top-width":"0px","border-right-width":"0px","border-bottom-width":"0px","border-left-width":"0px","padding-top":"0px","padding-right":"0px","padding-bottom":"0px","padding-left":"0px"},"button_border_et-desktop":"solid","button_border_color_custom_et-desktop":"","button_target_et-desktop":false,"button_no_follow_et-desktop":false,"newsletter_shown_on_et-desktop":"click","newsletter_delay_et-desktop":"300","newsletter_icon_et-desktop":"type1","newsletter_label_show_et-desktop":true,"newsletter_label_et-desktop":"Newsletter","newsletter_title_et-desktop":"Title","newsletter_content_et-desktop":"<p>You can add any HTML here (admin -&gt; Theme Options -&gt; E-Commerce -&gt; Promo Popup).<br \/> We suggest you create a static block and use it by turning on the settings below<\/p>","newsletter_sections_et-desktop":false,"newsletter_section_et-desktop":"","newsletter_content_alignment_et-desktop":"start","newsletter_background_et-desktop":{"background-color":"#ffffff","background-image":"","background-repeat":"no-repeat","background-position":"center center","background-size":"","background-attachment":""},"newsletter_background_et-desktop[background-color]":null,"newsletter_box_model_et-desktop":{"margin-top":"0px","margin-right":"0px","margin-bottom":"0px","margin-left":"0px","border-top-width":"0px","border-right-width":"0px","border-bottom-width":"0px","border-left-width":"0px","padding-top":"15px","padding-right":"15px","padding-bottom":"15px","padding-left":"15px"},"newsletter_border_et-desktop":"solid","newsletter_border_color_custom_et-desktop":"","contacts_icon_et-desktop":"left","contacts_direction_et-desktop":"hor","contacts_package_et-desktop":[{"contact_title":"Phone","contact_subtitle":"Call us any time","contact_icon":"et_icon-phone"},{"contact_title":"Hours","contact_subtitle":"Call us any time 24\/7","contact_icon":"et_icon-calendar"},{"contact_title":"Email","contact_subtitle":"Write us any time","contact_icon":"et_icon-chat"}],"contacts_alignment_et-desktop":"start","contact_box_model_et-desktop":{"margin-top":"0px","margin-right":"0px","margin-bottom":"0px","margin-left":"0px","border-top-width":"0px","border-right-width":"0px","border-bottom-width":"0px","border-left-width":"0px","padding-top":"0px","padding-right":"10px","padding-bottom":"10px","padding-left":"10px"},"contact_border_et-desktop":"solid","contact_border_color_custom_et-desktop":"#e1e1e1","header_socials_type_et-desktop":"type1","header_socials_package_et-desktop":[{"social_name":"Facebook","social_url":"#","social_icon":"et_icon-facebook"},{"social_name":"Twitter","social_url":"#","social_icon":"et_icon-twitter"},{"social_name":"Instagram","social_url":"#","social_icon":"et_icon-instagram"},{"social_name":"Google plus","social_url":"#","social_icon":"et_icon-google_plus"},{"social_name":"Youtube","social_url":"#","social_icon":"et_icon-youtube"},{"social_name":"Linkedin","social_url":"#","social_icon":"et_icon-linkedin"}],"header_socials_content_alignment_et-desktop":"start","header_socials_elements_zoom_et-desktop":"100","header_socials_elements_spacing_et-desktop":"10","header_socials_target_et-desktop":false,"header_socials_no_follow_et-desktop":false,"search_type_et-desktop":"input","search_ajax_et-desktop":true,"search_by_sku_et-desktop":true,"search_category_et-desktop":true,"search_all_categories_text_et-desktop":"All categories","search_placeholder_et-desktop":"Search for...","search_limit_results_et-desktop":"3","search_icon_zoom_et-desktop":1,"search_content_alignment_et-desktop":"center","search_width_et-desktop":"100","search_height_et-desktop":"40","search_border_radius_et-desktop":"0","search_color_et-desktop":"#888888","search_button_background_custom_et-desktop":"#000000","search_button_color_et-desktop":"#ffffff","search_input_box_model_et-desktop":{"margin-top":"0px","margin-right":"","margin-bottom":"0px","margin-left":"","border-top-width":"1px","border-right-width":"1px","border-bottom-width":"1px","border-left-width":"1px","padding-top":"0px","padding-right":"0px","padding-bottom":"0px","padding-left":"10px"},"search_input_border_et-desktop":"solid","search_input_border_color_custom_et-desktop":"#e1e1e1","search_icon_box_model_et-desktop":{"margin-top":"0px","margin-right":"0px","margin-bottom":"0px","margin-left":"0px","border-top-width":"0px","border-right-width":"0px","border-bottom-width":"0px","border-left-width":"0px","padding-top":"10px","padding-right":"0px","padding-bottom":"10px","padding-left":"0px"},"search_icon_border_et-desktop":"solid","search_icon_border_color_custom_et-desktop":"#e1e1e1","search_zoom_et-desktop":"100","search_content_position_et-desktop":"right","search_content_position_custom_et-desktop":"0","search_content_box_model_et-desktop":{"margin-top":"0px","margin-right":"0px","margin-bottom":"0px","margin-left":"0px","border-top-width":"1px","border-right-width":"1px","border-bottom-width":"1px","border-left-width":"1px","padding-top":"20px","padding-right":"30px","padding-bottom":"30px","padding-left":"30px"},"search_content_border_et-desktop":"solid","search_content_border_color_custom_et-desktop":"#e1e1e1","wishlist_style_et-desktop":"type1","wishlist_icon_et-desktop":"type1","wishlist_icon_zoom_et-desktop":1.5,"wishlist_label_et-desktop":true,"wishlist_label_custom_et-desktop":"Wishlist","wishlist_content_type_et-desktop":"dropdown","wishlist_link_to":"wishlist_url","wishlist_custom_url":"#","mini-wishlist-items-count":null,"wishlist_quantity_et-desktop":true,"wishlist_quantity_size_et-desktop":0.75,"wishlist_quantity_active_background_custom_et-desktop":"#ffffff","wishlist_quantity_active_color_et-desktop":"#000000","wishlist_content_alignment_et-desktop":"start","wishlist_background_et-desktop":"current","wishlist_background_custom_et-desktop":"#ffffff","wishlist_color_et-desktop":"#000000","wishlist_border_radius_et-desktop":"0","wishlist_box_model_et-desktop":{"margin-top":"0px","margin-right":"0px","margin-bottom":"0px","margin-left":"0px","border-top-width":"0px","border-right-width":"0px","border-bottom-width":"0px","border-left-width":"0px","padding-top":"0px","padding-right":"0px","padding-bottom":"0px","padding-left":"0px"},"wishlist_border_et-desktop":"solid","wishlist_border_color_custom_et-desktop":"#e1e1e1","wishlist_zoom_et-desktop":"100","wishlist_dropdown_position_et-desktop":"right","wishlist_dropdown_position_custom_et-desktop":"0","wishlist_dropdown_background_custom_et-desktop":"#ffffff","wishlist_content_position_et-desktop":"right","wishlist_content_box_model_et-desktop":{"margin-top":"0px","margin-right":"0px","margin-bottom":"0px","margin-left":"0px","border-top-width":"1px","border-right-width":"1px","border-bottom-width":"1px","border-left-width":"1px","padding-top":"20px","padding-right":"20px","padding-bottom":"20px","padding-left":"20px"},"wishlist_content_border_et-desktop":"solid","wishlist_content_border_color_custom_et-desktop":"#e1e1e1"}}