[{"created_at":"Fri Aug 26 06:40:52 +0000 2016","id":769062035481067521,"id_str":"769062035481067521","text":"CHECK OUT! How to Stop Storing IP Address in #WordPress Comments\nhttps:\/\/t.co\/StY9k5o9If https:\/\/t.co\/4vCvuzsbPc","truncated":false,"entities":{"hashtags":[{"text":"WordPress","indices":[45,55]}],"symbols":[],"user_mentions":[],"urls":[{"url":"https:\/\/t.co\/StY9k5o9If","expanded_url":"https:\/\/www.8theme.com\/blog\/stop-storing-ip-address-wordpress-comments\/","display_url":"8theme.com\/blog\/stop-stor\u2026","indices":[65,88]}],"media":[{"id":769062023913242628,"id_str":"769062023913242628","indices":[89,112],"media_url":"http:\/\/pbs.twimg.com\/media\/CqxB1gmXgAQyPdi.jpg","media_url_https":"https:\/\/pbs.twimg.com\/media\/CqxB1gmXgAQyPdi.jpg","url":"https:\/\/t.co\/4vCvuzsbPc","display_url":"pic.twitter.com\/4vCvuzsbPc","expanded_url":"https:\/\/twitter.com\/8theme\/status\/769062035481067521\/photo\/1","type":"photo","sizes":{"thumb":{"w":150,"h":150,"resize":"crop"},"medium":{"w":770,"h":400,"resize":"fit"},"small":{"w":680,"h":353,"resize":"fit"},"large":{"w":770,"h":400,"resize":"fit"}}}]},"extended_entities":{"media":[{"id":769062023913242628,"id_str":"769062023913242628","indices":[89,112],"media_url":"http:\/\/pbs.twimg.com\/media\/CqxB1gmXgAQyPdi.jpg","media_url_https":"https:\/\/pbs.twimg.com\/media\/CqxB1gmXgAQyPdi.jpg","url":"https:\/\/t.co\/4vCvuzsbPc","display_url":"pic.twitter.com\/4vCvuzsbPc","expanded_url":"https:\/\/twitter.com\/8theme\/status\/769062035481067521\/photo\/1","type":"photo","sizes":{"thumb":{"w":150,"h":150,"resize":"crop"},"medium":{"w":770,"h":400,"resize":"fit"},"small":{"w":680,"h":353,"resize":"fit"},"large":{"w":770,"h":400,"resize":"fit"}}}]},"source":"<a href=\"http:\/\/twitter.com\" rel=\"nofollow\">Twitter Web Client<\/a>","in_reply_to_status_id":null,"in_reply_to_status_id_str":null,"in_reply_to_user_id":null,"in_reply_to_user_id_str":null,"in_reply_to_screen_name":null,"user":{"id":435115014,"id_str":"435115014","name":"8theme","screen_name":"8theme","location":"London","description":"Welcome to 8theme. We are a team of designers and developers that create high quality WordPress themes and provide premium support to our products.","url":"http:\/\/t.co\/cjIosHxdUi","entities":{"url":{"urls":[{"url":"http:\/\/t.co\/cjIosHxdUi","expanded_url":"http:\/\/8theme.com","display_url":"8theme.com","indices":[0,22]}]},"description":{"urls":[]}},"protected":false,"followers_count":0,"friends_count":0,"listed_count":0,"created_at":"Mon Dec 12 17:56:27 +0000 2011","favourites_count":0,"utc_offset":null,"time_zone":null,"geo_enabled":false,"verified":false,"statuses_count":407,"lang":null,"contributors_enabled":false,"is_translator":false,"is_translation_enabled":false,"profile_background_color":"FFFFFF","profile_background_image_url":"http:\/\/abs.twimg.com\/images\/themes\/theme1\/bg.png","profile_background_image_url_https":"https:\/\/abs.twimg.com\/images\/themes\/theme1\/bg.png","profile_background_tile":false,"profile_image_url":"http:\/\/pbs.twimg.com\/profile_images\/1729590460\/logo9_normal.jpg","profile_image_url_https":"https:\/\/pbs.twimg.com\/profile_images\/1729590460\/logo9_normal.jpg","profile_banner_url":"https:\/\/pbs.twimg.com\/profile_banners\/435115014\/1421930976","profile_link_color":"049BD1","profile_sidebar_border_color":"C0DEED","profile_sidebar_fill_color":"DDEEF6","profile_text_color":"333333","profile_use_background_image":true,"has_extended_profile":false,"default_profile":false,"default_profile_image":false,"following":false,"follow_request_sent":false,"notifications":false,"translator_type":"none"},"geo":null,"coordinates":null,"place":null,"contributors":null,"is_quote_status":false,"retweet_count":0,"favorite_count":0,"favorited":true,"retweeted":false,"possibly_sensitive":false,"lang":"en"},{"created_at":"Wed Aug 24 06:22:32 +0000 2016","id":768332647625928704,"id_str":"768332647625928704","text":"CHECK OUT! #WordPress Plugins That Will Quickly Help You Get More Traffic...\nhttps:\/\/t.co\/YiXHODiPON https:\/\/t.co\/q5xzWKBVyD","truncated":false,"entities":{"hashtags":[{"text":"WordPress","indices":[11,21]}],"symbols":[],"user_mentions":[],"urls":[{"url":"https:\/\/t.co\/YiXHODiPON","expanded_url":"https:\/\/www.8theme.com\/blog\/wordpress-plugins-will-quickly-help-get-traffic\/","display_url":"8theme.com\/blog\/wordpress\u2026","indices":[77,100]}],"media":[{"id":768332640789364736,"id_str":"768332640789364736","indices":[101,124],"media_url":"http:\/\/pbs.twimg.com\/media\/Cqmqd0uWgAAofQK.jpg","media_url_https":"https:\/\/pbs.twimg.com\/media\/Cqmqd0uWgAAofQK.jpg","url":"https:\/\/t.co\/q5xzWKBVyD","display_url":"pic.twitter.com\/q5xzWKBVyD","expanded_url":"https:\/\/twitter.com\/8theme\/status\/768332647625928704\/photo\/1","type":"photo","sizes":{"thumb":{"w":150,"h":150,"resize":"crop"},"medium":{"w":770,"h":400,"resize":"fit"},"small":{"w":680,"h":353,"resize":"fit"},"large":{"w":770,"h":400,"resize":"fit"}}}]},"extended_entities":{"media":[{"id":768332640789364736,"id_str":"768332640789364736","indices":[101,124],"media_url":"http:\/\/pbs.twimg.com\/media\/Cqmqd0uWgAAofQK.jpg","media_url_https":"https:\/\/pbs.twimg.com\/media\/Cqmqd0uWgAAofQK.jpg","url":"https:\/\/t.co\/q5xzWKBVyD","display_url":"pic.twitter.com\/q5xzWKBVyD","expanded_url":"https:\/\/twitter.com\/8theme\/status\/768332647625928704\/photo\/1","type":"photo","sizes":{"thumb":{"w":150,"h":150,"resize":"crop"},"medium":{"w":770,"h":400,"resize":"fit"},"small":{"w":680,"h":353,"resize":"fit"},"large":{"w":770,"h":400,"resize":"fit"}}}]},"source":"<a href=\"http:\/\/twitter.com\" rel=\"nofollow\">Twitter Web Client<\/a>","in_reply_to_status_id":null,"in_reply_to_status_id_str":null,"in_reply_to_user_id":null,"in_reply_to_user_id_str":null,"in_reply_to_screen_name":null,"user":{"id":435115014,"id_str":"435115014","name":"8theme","screen_name":"8theme","location":"London","description":"Welcome to 8theme. We are a team of designers and developers that create high quality WordPress themes and provide premium support to our products.","url":"http:\/\/t.co\/cjIosHxdUi","entities":{"url":{"urls":[{"url":"http:\/\/t.co\/cjIosHxdUi","expanded_url":"http:\/\/8theme.com","display_url":"8theme.com","indices":[0,22]}]},"description":{"urls":[]}},"protected":false,"followers_count":0,"friends_count":0,"listed_count":0,"created_at":"Mon Dec 12 17:56:27 +0000 2011","favourites_count":0,"utc_offset":null,"time_zone":null,"geo_enabled":false,"verified":false,"statuses_count":407,"lang":null,"contributors_enabled":false,"is_translator":false,"is_translation_enabled":false,"profile_background_color":"FFFFFF","profile_background_image_url":"http:\/\/abs.twimg.com\/images\/themes\/theme1\/bg.png","profile_background_image_url_https":"https:\/\/abs.twimg.com\/images\/themes\/theme1\/bg.png","profile_background_tile":false,"profile_image_url":"http:\/\/pbs.twimg.com\/profile_images\/1729590460\/logo9_normal.jpg","profile_image_url_https":"https:\/\/pbs.twimg.com\/profile_images\/1729590460\/logo9_normal.jpg","profile_banner_url":"https:\/\/pbs.twimg.com\/profile_banners\/435115014\/1421930976","profile_link_color":"049BD1","profile_sidebar_border_color":"C0DEED","profile_sidebar_fill_color":"DDEEF6","profile_text_color":"333333","profile_use_background_image":true,"has_extended_profile":false,"default_profile":false,"default_profile_image":false,"following":false,"follow_request_sent":false,"notifications":false,"translator_type":"none"},"geo":null,"coordinates":null,"place":null,"contributors":null,"is_quote_status":false,"retweet_count":0,"favorite_count":0,"favorited":true,"retweeted":false,"possibly_sensitive":false,"lang":"en"},{"created_at":"Mon Aug 22 19:48:49 +0000 2016","id":767810778376310784,"id_str":"767810778376310784","text":"7 Good #e-Commerce Themes for Designing Online Shops - https:\/\/t.co\/IQYN3iyDXT  @hongkiat","truncated":false,"entities":{"hashtags":[{"text":"e","indices":[7,9]}],"symbols":[],"user_mentions":[{"screen_name":"hongkiat","name":"Hongkiat","id":1413071,"id_str":"1413071","indices":[80,89]}],"urls":[{"url":"https:\/\/t.co\/IQYN3iyDXT","expanded_url":"http:\/\/wp.me\/p4uxU-7dy","display_url":"wp.me\/p4uxU-7dy","indices":[55,78]}]},"source":"<a href=\"http:\/\/twitter.com\" rel=\"nofollow\">Twitter Web Client<\/a>","in_reply_to_status_id":null,"in_reply_to_status_id_str":null,"in_reply_to_user_id":null,"in_reply_to_user_id_str":null,"in_reply_to_screen_name":null,"user":{"id":435115014,"id_str":"435115014","name":"8theme","screen_name":"8theme","location":"London","description":"Welcome to 8theme. We are a team of designers and developers that create high quality WordPress themes and provide premium support to our products.","url":"http:\/\/t.co\/cjIosHxdUi","entities":{"url":{"urls":[{"url":"http:\/\/t.co\/cjIosHxdUi","expanded_url":"http:\/\/8theme.com","display_url":"8theme.com","indices":[0,22]}]},"description":{"urls":[]}},"protected":false,"followers_count":0,"friends_count":0,"listed_count":0,"created_at":"Mon Dec 12 17:56:27 +0000 2011","favourites_count":0,"utc_offset":null,"time_zone":null,"geo_enabled":false,"verified":false,"statuses_count":407,"lang":null,"contributors_enabled":false,"is_translator":false,"is_translation_enabled":false,"profile_background_color":"FFFFFF","profile_background_image_url":"http:\/\/abs.twimg.com\/images\/themes\/theme1\/bg.png","profile_background_image_url_https":"https:\/\/abs.twimg.com\/images\/themes\/theme1\/bg.png","profile_background_tile":false,"profile_image_url":"http:\/\/pbs.twimg.com\/profile_images\/1729590460\/logo9_normal.jpg","profile_image_url_https":"https:\/\/pbs.twimg.com\/profile_images\/1729590460\/logo9_normal.jpg","profile_banner_url":"https:\/\/pbs.twimg.com\/profile_banners\/435115014\/1421930976","profile_link_color":"049BD1","profile_sidebar_border_color":"C0DEED","profile_sidebar_fill_color":"DDEEF6","profile_text_color":"333333","profile_use_background_image":true,"has_extended_profile":false,"default_profile":false,"default_profile_image":false,"following":false,"follow_request_sent":false,"notifications":false,"translator_type":"none"},"geo":null,"coordinates":null,"place":null,"contributors":null,"is_quote_status":false,"retweet_count":0,"favorite_count":0,"favorited":false,"retweeted":false,"possibly_sensitive":false,"lang":"en"},{"created_at":"Mon Aug 22 06:12:30 +0000 2016","id":767605347775381505,"id_str":"767605347775381505","text":"CHECK OUT!  How to Create a Multi-Page Form in #WordPress...\nhttps:\/\/t.co\/MtjmfiJky1 https:\/\/t.co\/zXRKRZ3Lb9","truncated":false,"entities":{"hashtags":[{"text":"WordPress","indices":[47,57]}],"symbols":[],"user_mentions":[],"urls":[{"url":"https:\/\/t.co\/MtjmfiJky1","expanded_url":"https:\/\/www.8theme.com\/blog\/create-multi-page-form-wordpress\/","display_url":"8theme.com\/blog\/create-mu\u2026","indices":[61,84]}],"media":[{"id":767605335595057152,"id_str":"767605335595057152","indices":[85,108],"media_url":"http:\/\/pbs.twimg.com\/media\/CqcU_FvWgAAaL1w.jpg","media_url_https":"https:\/\/pbs.twimg.com\/media\/CqcU_FvWgAAaL1w.jpg","url":"https:\/\/t.co\/zXRKRZ3Lb9","display_url":"pic.twitter.com\/zXRKRZ3Lb9","expanded_url":"https:\/\/twitter.com\/8theme\/status\/767605347775381505\/photo\/1","type":"photo","sizes":{"thumb":{"w":150,"h":150,"resize":"crop"},"medium":{"w":770,"h":400,"resize":"fit"},"large":{"w":770,"h":400,"resize":"fit"},"small":{"w":680,"h":353,"resize":"fit"}}}]},"extended_entities":{"media":[{"id":767605335595057152,"id_str":"767605335595057152","indices":[85,108],"media_url":"http:\/\/pbs.twimg.com\/media\/CqcU_FvWgAAaL1w.jpg","media_url_https":"https:\/\/pbs.twimg.com\/media\/CqcU_FvWgAAaL1w.jpg","url":"https:\/\/t.co\/zXRKRZ3Lb9","display_url":"pic.twitter.com\/zXRKRZ3Lb9","expanded_url":"https:\/\/twitter.com\/8theme\/status\/767605347775381505\/photo\/1","type":"photo","sizes":{"thumb":{"w":150,"h":150,"resize":"crop"},"medium":{"w":770,"h":400,"resize":"fit"},"large":{"w":770,"h":400,"resize":"fit"},"small":{"w":680,"h":353,"resize":"fit"}}}]},"source":"<a href=\"http:\/\/twitter.com\" rel=\"nofollow\">Twitter Web Client<\/a>","in_reply_to_status_id":null,"in_reply_to_status_id_str":null,"in_reply_to_user_id":null,"in_reply_to_user_id_str":null,"in_reply_to_screen_name":null,"user":{"id":435115014,"id_str":"435115014","name":"8theme","screen_name":"8theme","location":"London","description":"Welcome to 8theme. We are a team of designers and developers that create high quality WordPress themes and provide premium support to our products.","url":"http:\/\/t.co\/cjIosHxdUi","entities":{"url":{"urls":[{"url":"http:\/\/t.co\/cjIosHxdUi","expanded_url":"http:\/\/8theme.com","display_url":"8theme.com","indices":[0,22]}]},"description":{"urls":[]}},"protected":false,"followers_count":0,"friends_count":0,"listed_count":0,"created_at":"Mon Dec 12 17:56:27 +0000 2011","favourites_count":0,"utc_offset":null,"time_zone":null,"geo_enabled":false,"verified":false,"statuses_count":407,"lang":null,"contributors_enabled":false,"is_translator":false,"is_translation_enabled":false,"profile_background_color":"FFFFFF","profile_background_image_url":"http:\/\/abs.twimg.com\/images\/themes\/theme1\/bg.png","profile_background_image_url_https":"https:\/\/abs.twimg.com\/images\/themes\/theme1\/bg.png","profile_background_tile":false,"profile_image_url":"http:\/\/pbs.twimg.com\/profile_images\/1729590460\/logo9_normal.jpg","profile_image_url_https":"https:\/\/pbs.twimg.com\/profile_images\/1729590460\/logo9_normal.jpg","profile_banner_url":"https:\/\/pbs.twimg.com\/profile_banners\/435115014\/1421930976","profile_link_color":"049BD1","profile_sidebar_border_color":"C0DEED","profile_sidebar_fill_color":"DDEEF6","profile_text_color":"333333","profile_use_background_image":true,"has_extended_profile":false,"default_profile":false,"default_profile_image":false,"following":false,"follow_request_sent":false,"notifications":false,"translator_type":"none"},"geo":null,"coordinates":null,"place":null,"contributors":null,"is_quote_status":false,"retweet_count":1,"favorite_count":0,"favorited":true,"retweeted":false,"possibly_sensitive":false,"lang":"en"},{"created_at":"Fri Aug 19 06:55:30 +0000 2016","id":766529005088452614,"id_str":"766529005088452614","text":"CHECK OUT!  How to Add a PDF Download for Posts in #WordPress...\nhttps:\/\/t.co\/xRDdWHMWmn https:\/\/t.co\/vUM8DZzBVt","truncated":false,"entities":{"hashtags":[{"text":"WordPress","indices":[51,61]}],"symbols":[],"user_mentions":[],"urls":[{"url":"https:\/\/t.co\/xRDdWHMWmn","expanded_url":"https:\/\/www.8theme.com\/blog\/add-pdf-download-posts-wordpress\/","display_url":"8theme.com\/blog\/add-pdf-d\u2026","indices":[65,88]}],"media":[{"id":766528995802226688,"id_str":"766528995802226688","indices":[89,112],"media_url":"http:\/\/pbs.twimg.com\/media\/CqNCD3jUIAAT6mn.jpg","media_url_https":"https:\/\/pbs.twimg.com\/media\/CqNCD3jUIAAT6mn.jpg","url":"https:\/\/t.co\/vUM8DZzBVt","display_url":"pic.twitter.com\/vUM8DZzBVt","expanded_url":"https:\/\/twitter.com\/8theme\/status\/766529005088452614\/photo\/1","type":"photo","sizes":{"thumb":{"w":150,"h":150,"resize":"crop"},"medium":{"w":770,"h":400,"resize":"fit"},"small":{"w":680,"h":353,"resize":"fit"},"large":{"w":770,"h":400,"resize":"fit"}}}]},"extended_entities":{"media":[{"id":766528995802226688,"id_str":"766528995802226688","indices":[89,112],"media_url":"http:\/\/pbs.twimg.com\/media\/CqNCD3jUIAAT6mn.jpg","media_url_https":"https:\/\/pbs.twimg.com\/media\/CqNCD3jUIAAT6mn.jpg","url":"https:\/\/t.co\/vUM8DZzBVt","display_url":"pic.twitter.com\/vUM8DZzBVt","expanded_url":"https:\/\/twitter.com\/8theme\/status\/766529005088452614\/photo\/1","type":"photo","sizes":{"thumb":{"w":150,"h":150,"resize":"crop"},"medium":{"w":770,"h":400,"resize":"fit"},"small":{"w":680,"h":353,"resize":"fit"},"large":{"w":770,"h":400,"resize":"fit"}}}]},"source":"<a href=\"http:\/\/twitter.com\" rel=\"nofollow\">Twitter Web Client<\/a>","in_reply_to_status_id":null,"in_reply_to_status_id_str":null,"in_reply_to_user_id":null,"in_reply_to_user_id_str":null,"in_reply_to_screen_name":null,"user":{"id":435115014,"id_str":"435115014","name":"8theme","screen_name":"8theme","location":"London","description":"Welcome to 8theme. We are a team of designers and developers that create high quality WordPress themes and provide premium support to our products.","url":"http:\/\/t.co\/cjIosHxdUi","entities":{"url":{"urls":[{"url":"http:\/\/t.co\/cjIosHxdUi","expanded_url":"http:\/\/8theme.com","display_url":"8theme.com","indices":[0,22]}]},"description":{"urls":[]}},"protected":false,"followers_count":0,"friends_count":0,"listed_count":0,"created_at":"Mon Dec 12 17:56:27 +0000 2011","favourites_count":0,"utc_offset":null,"time_zone":null,"geo_enabled":false,"verified":false,"statuses_count":407,"lang":null,"contributors_enabled":false,"is_translator":false,"is_translation_enabled":false,"profile_background_color":"FFFFFF","profile_background_image_url":"http:\/\/abs.twimg.com\/images\/themes\/theme1\/bg.png","profile_background_image_url_https":"https:\/\/abs.twimg.com\/images\/themes\/theme1\/bg.png","profile_background_tile":false,"profile_image_url":"http:\/\/pbs.twimg.com\/profile_images\/1729590460\/logo9_normal.jpg","profile_image_url_https":"https:\/\/pbs.twimg.com\/profile_images\/1729590460\/logo9_normal.jpg","profile_banner_url":"https:\/\/pbs.twimg.com\/profile_banners\/435115014\/1421930976","profile_link_color":"049BD1","profile_sidebar_border_color":"C0DEED","profile_sidebar_fill_color":"DDEEF6","profile_text_color":"333333","profile_use_background_image":true,"has_extended_profile":false,"default_profile":false,"default_profile_image":false,"following":false,"follow_request_sent":false,"notifications":false,"translator_type":"none"},"geo":null,"coordinates":null,"place":null,"contributors":null,"is_quote_status":false,"retweet_count":0,"favorite_count":0,"favorited":true,"retweeted":false,"possibly_sensitive":false,"lang":"en"},{"created_at":"Thu Aug 18 07:06:37 +0000 2016","id":766169413724889089,"id_str":"766169413724889089","text":"CHECK OUT! The Best Social Media Plugins Widely Used In #Woocommerce Themes...\nhttps:\/\/t.co\/uGQsowMxZI https:\/\/t.co\/IFhJAc9pUX","truncated":false,"entities":{"hashtags":[{"text":"Woocommerce","indices":[56,68]}],"symbols":[],"user_mentions":[],"urls":[{"url":"https:\/\/t.co\/uGQsowMxZI","expanded_url":"https:\/\/www.8theme.com\/blog\/best-social-media-plugins-widely-used-woocommerce-themes\/","display_url":"8theme.com\/blog\/best-soci\u2026","indices":[79,102]}],"media":[{"id":766169384964460544,"id_str":"766169384964460544","indices":[103,126],"media_url":"http:\/\/pbs.twimg.com\/media\/CqH6_wyWEAAU3Un.jpg","media_url_https":"https:\/\/pbs.twimg.com\/media\/CqH6_wyWEAAU3Un.jpg","url":"https:\/\/t.co\/IFhJAc9pUX","display_url":"pic.twitter.com\/IFhJAc9pUX","expanded_url":"https:\/\/twitter.com\/8theme\/status\/766169413724889089\/photo\/1","type":"photo","sizes":{"thumb":{"w":150,"h":150,"resize":"crop"},"medium":{"w":770,"h":400,"resize":"fit"},"small":{"w":680,"h":353,"resize":"fit"},"large":{"w":770,"h":400,"resize":"fit"}}}]},"extended_entities":{"media":[{"id":766169384964460544,"id_str":"766169384964460544","indices":[103,126],"media_url":"http:\/\/pbs.twimg.com\/media\/CqH6_wyWEAAU3Un.jpg","media_url_https":"https:\/\/pbs.twimg.com\/media\/CqH6_wyWEAAU3Un.jpg","url":"https:\/\/t.co\/IFhJAc9pUX","display_url":"pic.twitter.com\/IFhJAc9pUX","expanded_url":"https:\/\/twitter.com\/8theme\/status\/766169413724889089\/photo\/1","type":"photo","sizes":{"thumb":{"w":150,"h":150,"resize":"crop"},"medium":{"w":770,"h":400,"resize":"fit"},"small":{"w":680,"h":353,"resize":"fit"},"large":{"w":770,"h":400,"resize":"fit"}}}]},"source":"<a href=\"http:\/\/twitter.com\" rel=\"nofollow\">Twitter Web Client<\/a>","in_reply_to_status_id":null,"in_reply_to_status_id_str":null,"in_reply_to_user_id":null,"in_reply_to_user_id_str":null,"in_reply_to_screen_name":null,"user":{"id":435115014,"id_str":"435115014","name":"8theme","screen_name":"8theme","location":"London","description":"Welcome to 8theme. We are a team of designers and developers that create high quality WordPress themes and provide premium support to our products.","url":"http:\/\/t.co\/cjIosHxdUi","entities":{"url":{"urls":[{"url":"http:\/\/t.co\/cjIosHxdUi","expanded_url":"http:\/\/8theme.com","display_url":"8theme.com","indices":[0,22]}]},"description":{"urls":[]}},"protected":false,"followers_count":0,"friends_count":0,"listed_count":0,"created_at":"Mon Dec 12 17:56:27 +0000 2011","favourites_count":0,"utc_offset":null,"time_zone":null,"geo_enabled":false,"verified":false,"statuses_count":407,"lang":null,"contributors_enabled":false,"is_translator":false,"is_translation_enabled":false,"profile_background_color":"FFFFFF","profile_background_image_url":"http:\/\/abs.twimg.com\/images\/themes\/theme1\/bg.png","profile_background_image_url_https":"https:\/\/abs.twimg.com\/images\/themes\/theme1\/bg.png","profile_background_tile":false,"profile_image_url":"http:\/\/pbs.twimg.com\/profile_images\/1729590460\/logo9_normal.jpg","profile_image_url_https":"https:\/\/pbs.twimg.com\/profile_images\/1729590460\/logo9_normal.jpg","profile_banner_url":"https:\/\/pbs.twimg.com\/profile_banners\/435115014\/1421930976","profile_link_color":"049BD1","profile_sidebar_border_color":"C0DEED","profile_sidebar_fill_color":"DDEEF6","profile_text_color":"333333","profile_use_background_image":true,"has_extended_profile":false,"default_profile":false,"default_profile_image":false,"following":false,"follow_request_sent":false,"notifications":false,"translator_type":"none"},"geo":null,"coordinates":null,"place":null,"contributors":null,"is_quote_status":false,"retweet_count":0,"favorite_count":0,"favorited":true,"retweeted":false,"possibly_sensitive":false,"lang":"en"},{"created_at":"Wed Aug 17 06:26:01 +0000 2016","id":765796809251950592,"id_str":"765796809251950592","text":"CHECK OUT! The Future is Here \u2013 How #WordPress is Evolving...\nhttps:\/\/t.co\/nk8WmpXWyi https:\/\/t.co\/yLy4DyTW3I","truncated":false,"entities":{"hashtags":[{"text":"WordPress","indices":[36,46]}],"symbols":[],"user_mentions":[],"urls":[{"url":"https:\/\/t.co\/nk8WmpXWyi","expanded_url":"https:\/\/www.8theme.com\/blog\/future-wordpress-evolving\/","display_url":"8theme.com\/blog\/future-wo\u2026","indices":[62,85]}],"media":[{"id":765796802931163136,"id_str":"765796802931163136","indices":[86,109],"media_url":"http:\/\/pbs.twimg.com\/media\/CqCoIojXgAAmtMV.jpg","media_url_https":"https:\/\/pbs.twimg.com\/media\/CqCoIojXgAAmtMV.jpg","url":"https:\/\/t.co\/yLy4DyTW3I","display_url":"pic.twitter.com\/yLy4DyTW3I","expanded_url":"https:\/\/twitter.com\/8theme\/status\/765796809251950592\/photo\/1","type":"photo","sizes":{"thumb":{"w":150,"h":150,"resize":"crop"},"medium":{"w":770,"h":400,"resize":"fit"},"small":{"w":680,"h":353,"resize":"fit"},"large":{"w":770,"h":400,"resize":"fit"}}}]},"extended_entities":{"media":[{"id":765796802931163136,"id_str":"765796802931163136","indices":[86,109],"media_url":"http:\/\/pbs.twimg.com\/media\/CqCoIojXgAAmtMV.jpg","media_url_https":"https:\/\/pbs.twimg.com\/media\/CqCoIojXgAAmtMV.jpg","url":"https:\/\/t.co\/yLy4DyTW3I","display_url":"pic.twitter.com\/yLy4DyTW3I","expanded_url":"https:\/\/twitter.com\/8theme\/status\/765796809251950592\/photo\/1","type":"photo","sizes":{"thumb":{"w":150,"h":150,"resize":"crop"},"medium":{"w":770,"h":400,"resize":"fit"},"small":{"w":680,"h":353,"resize":"fit"},"large":{"w":770,"h":400,"resize":"fit"}}}]},"source":"<a href=\"http:\/\/twitter.com\" rel=\"nofollow\">Twitter Web Client<\/a>","in_reply_to_status_id":null,"in_reply_to_status_id_str":null,"in_reply_to_user_id":null,"in_reply_to_user_id_str":null,"in_reply_to_screen_name":null,"user":{"id":435115014,"id_str":"435115014","name":"8theme","screen_name":"8theme","location":"London","description":"Welcome to 8theme. We are a team of designers and developers that create high quality WordPress themes and provide premium support to our products.","url":"http:\/\/t.co\/cjIosHxdUi","entities":{"url":{"urls":[{"url":"http:\/\/t.co\/cjIosHxdUi","expanded_url":"http:\/\/8theme.com","display_url":"8theme.com","indices":[0,22]}]},"description":{"urls":[]}},"protected":false,"followers_count":0,"friends_count":0,"listed_count":0,"created_at":"Mon Dec 12 17:56:27 +0000 2011","favourites_count":0,"utc_offset":null,"time_zone":null,"geo_enabled":false,"verified":false,"statuses_count":407,"lang":null,"contributors_enabled":false,"is_translator":false,"is_translation_enabled":false,"profile_background_color":"FFFFFF","profile_background_image_url":"http:\/\/abs.twimg.com\/images\/themes\/theme1\/bg.png","profile_background_image_url_https":"https:\/\/abs.twimg.com\/images\/themes\/theme1\/bg.png","profile_background_tile":false,"profile_image_url":"http:\/\/pbs.twimg.com\/profile_images\/1729590460\/logo9_normal.jpg","profile_image_url_https":"https:\/\/pbs.twimg.com\/profile_images\/1729590460\/logo9_normal.jpg","profile_banner_url":"https:\/\/pbs.twimg.com\/profile_banners\/435115014\/1421930976","profile_link_color":"049BD1","profile_sidebar_border_color":"C0DEED","profile_sidebar_fill_color":"DDEEF6","profile_text_color":"333333","profile_use_background_image":true,"has_extended_profile":false,"default_profile":false,"default_profile_image":false,"following":false,"follow_request_sent":false,"notifications":false,"translator_type":"none"},"geo":null,"coordinates":null,"place":null,"contributors":null,"is_quote_status":false,"retweet_count":0,"favorite_count":0,"favorited":true,"retweeted":false,"possibly_sensitive":false,"lang":"en"},{"created_at":"Tue Aug 16 12:41:17 +0000 2016","id":765528857797652480,"id_str":"765528857797652480","text":"Some of the Best #eCommerce Themes for Building an Online Store https:\/\/t.co\/Wwn9FMgDAh","truncated":false,"entities":{"hashtags":[{"text":"eCommerce","indices":[17,27]}],"symbols":[],"user_mentions":[],"urls":[{"url":"https:\/\/t.co\/Wwn9FMgDAh","expanded_url":"http:\/\/po.st\/vmvJX3","display_url":"po.st\/vmvJX3","indices":[64,87]}]},"source":"<a href=\"http:\/\/twitter.com\" rel=\"nofollow\">Twitter Web Client<\/a>","in_reply_to_status_id":null,"in_reply_to_status_id_str":null,"in_reply_to_user_id":null,"in_reply_to_user_id_str":null,"in_reply_to_screen_name":null,"user":{"id":435115014,"id_str":"435115014","name":"8theme","screen_name":"8theme","location":"London","description":"Welcome to 8theme. We are a team of designers and developers that create high quality WordPress themes and provide premium support to our products.","url":"http:\/\/t.co\/cjIosHxdUi","entities":{"url":{"urls":[{"url":"http:\/\/t.co\/cjIosHxdUi","expanded_url":"http:\/\/8theme.com","display_url":"8theme.com","indices":[0,22]}]},"description":{"urls":[]}},"protected":false,"followers_count":0,"friends_count":0,"listed_count":0,"created_at":"Mon Dec 12 17:56:27 +0000 2011","favourites_count":0,"utc_offset":null,"time_zone":null,"geo_enabled":false,"verified":false,"statuses_count":407,"lang":null,"contributors_enabled":false,"is_translator":false,"is_translation_enabled":false,"profile_background_color":"FFFFFF","profile_background_image_url":"http:\/\/abs.twimg.com\/images\/themes\/theme1\/bg.png","profile_background_image_url_https":"https:\/\/abs.twimg.com\/images\/themes\/theme1\/bg.png","profile_background_tile":false,"profile_image_url":"http:\/\/pbs.twimg.com\/profile_images\/1729590460\/logo9_normal.jpg","profile_image_url_https":"https:\/\/pbs.twimg.com\/profile_images\/1729590460\/logo9_normal.jpg","profile_banner_url":"https:\/\/pbs.twimg.com\/profile_banners\/435115014\/1421930976","profile_link_color":"049BD1","profile_sidebar_border_color":"C0DEED","profile_sidebar_fill_color":"DDEEF6","profile_text_color":"333333","profile_use_background_image":true,"has_extended_profile":false,"default_profile":false,"default_profile_image":false,"following":false,"follow_request_sent":false,"notifications":false,"translator_type":"none"},"geo":null,"coordinates":null,"place":null,"contributors":null,"is_quote_status":false,"retweet_count":0,"favorite_count":0,"favorited":false,"retweeted":false,"possibly_sensitive":false,"lang":"en"},{"created_at":"Tue Aug 16 07:39:26 +0000 2016","id":765452895391211520,"id_str":"765452895391211520","text":"CHECK OUT! How to Show User\u2019s Last Login Date in #WordPress...\nhttps:\/\/t.co\/m3LS2JU129 https:\/\/t.co\/lQFj3S6tWj","truncated":false,"entities":{"hashtags":[{"text":"WordPress","indices":[49,59]}],"symbols":[],"user_mentions":[],"urls":[{"url":"https:\/\/t.co\/m3LS2JU129","expanded_url":"https:\/\/www.8theme.com\/blog\/show-users-last-login-date-wordpress\/","display_url":"8theme.com\/blog\/show-user\u2026","indices":[63,86]}],"media":[{"id":765452888172818432,"id_str":"765452888172818432","indices":[87,110],"media_url":"http:\/\/pbs.twimg.com\/media\/Cp9vWKPWcAAPQdf.jpg","media_url_https":"https:\/\/pbs.twimg.com\/media\/Cp9vWKPWcAAPQdf.jpg","url":"https:\/\/t.co\/lQFj3S6tWj","display_url":"pic.twitter.com\/lQFj3S6tWj","expanded_url":"https:\/\/twitter.com\/8theme\/status\/765452895391211520\/photo\/1","type":"photo","sizes":{"thumb":{"w":150,"h":150,"resize":"crop"},"medium":{"w":770,"h":400,"resize":"fit"},"small":{"w":680,"h":353,"resize":"fit"},"large":{"w":770,"h":400,"resize":"fit"}}}]},"extended_entities":{"media":[{"id":765452888172818432,"id_str":"765452888172818432","indices":[87,110],"media_url":"http:\/\/pbs.twimg.com\/media\/Cp9vWKPWcAAPQdf.jpg","media_url_https":"https:\/\/pbs.twimg.com\/media\/Cp9vWKPWcAAPQdf.jpg","url":"https:\/\/t.co\/lQFj3S6tWj","display_url":"pic.twitter.com\/lQFj3S6tWj","expanded_url":"https:\/\/twitter.com\/8theme\/status\/765452895391211520\/photo\/1","type":"photo","sizes":{"thumb":{"w":150,"h":150,"resize":"crop"},"medium":{"w":770,"h":400,"resize":"fit"},"small":{"w":680,"h":353,"resize":"fit"},"large":{"w":770,"h":400,"resize":"fit"}}}]},"source":"<a href=\"http:\/\/twitter.com\" rel=\"nofollow\">Twitter Web Client<\/a>","in_reply_to_status_id":null,"in_reply_to_status_id_str":null,"in_reply_to_user_id":null,"in_reply_to_user_id_str":null,"in_reply_to_screen_name":null,"user":{"id":435115014,"id_str":"435115014","name":"8theme","screen_name":"8theme","location":"London","description":"Welcome to 8theme. We are a team of designers and developers that create high quality WordPress themes and provide premium support to our products.","url":"http:\/\/t.co\/cjIosHxdUi","entities":{"url":{"urls":[{"url":"http:\/\/t.co\/cjIosHxdUi","expanded_url":"http:\/\/8theme.com","display_url":"8theme.com","indices":[0,22]}]},"description":{"urls":[]}},"protected":false,"followers_count":0,"friends_count":0,"listed_count":0,"created_at":"Mon Dec 12 17:56:27 +0000 2011","favourites_count":0,"utc_offset":null,"time_zone":null,"geo_enabled":false,"verified":false,"statuses_count":407,"lang":null,"contributors_enabled":false,"is_translator":false,"is_translation_enabled":false,"profile_background_color":"FFFFFF","profile_background_image_url":"http:\/\/abs.twimg.com\/images\/themes\/theme1\/bg.png","profile_background_image_url_https":"https:\/\/abs.twimg.com\/images\/themes\/theme1\/bg.png","profile_background_tile":false,"profile_image_url":"http:\/\/pbs.twimg.com\/profile_images\/1729590460\/logo9_normal.jpg","profile_image_url_https":"https:\/\/pbs.twimg.com\/profile_images\/1729590460\/logo9_normal.jpg","profile_banner_url":"https:\/\/pbs.twimg.com\/profile_banners\/435115014\/1421930976","profile_link_color":"049BD1","profile_sidebar_border_color":"C0DEED","profile_sidebar_fill_color":"DDEEF6","profile_text_color":"333333","profile_use_background_image":true,"has_extended_profile":false,"default_profile":false,"default_profile_image":false,"following":false,"follow_request_sent":false,"notifications":false,"translator_type":"none"},"geo":null,"coordinates":null,"place":null,"contributors":null,"is_quote_status":false,"retweet_count":0,"favorite_count":0,"favorited":true,"retweeted":false,"possibly_sensitive":false,"lang":"en"},{"created_at":"Sun Aug 14 14:36:09 +0000 2016","id":764832991629697025,"id_str":"764832991629697025","text":"RT @8theme: How to install XSTORE #woocommerce #wordpress theme https:\/\/t.co\/p6aGfnLbXa","truncated":false,"entities":{"hashtags":[{"text":"woocommerce","indices":[34,46]},{"text":"wordpress","indices":[47,57]}],"symbols":[],"user_mentions":[{"screen_name":"8theme","name":"8theme","id":435115014,"id_str":"435115014","indices":[3,10]}],"urls":[{"url":"https:\/\/t.co\/p6aGfnLbXa","expanded_url":"https:\/\/www.youtube.com\/watch?v=bHE_UhSJM10&feature=youtu.be","display_url":"youtube.com\/watch?v=bHE_Uh\u2026","indices":[64,87]}]},"source":"<a href=\"http:\/\/twitter.com\" rel=\"nofollow\">Twitter Web Client<\/a>","in_reply_to_status_id":null,"in_reply_to_status_id_str":null,"in_reply_to_user_id":null,"in_reply_to_user_id_str":null,"in_reply_to_screen_name":null,"user":{"id":435115014,"id_str":"435115014","name":"8theme","screen_name":"8theme","location":"London","description":"Welcome to 8theme. We are a team of designers and developers that create high quality WordPress themes and provide premium support to our products.","url":"http:\/\/t.co\/cjIosHxdUi","entities":{"url":{"urls":[{"url":"http:\/\/t.co\/cjIosHxdUi","expanded_url":"http:\/\/8theme.com","display_url":"8theme.com","indices":[0,22]}]},"description":{"urls":[]}},"protected":false,"followers_count":0,"friends_count":0,"listed_count":0,"created_at":"Mon Dec 12 17:56:27 +0000 2011","favourites_count":0,"utc_offset":null,"time_zone":null,"geo_enabled":false,"verified":false,"statuses_count":407,"lang":null,"contributors_enabled":false,"is_translator":false,"is_translation_enabled":false,"profile_background_color":"FFFFFF","profile_background_image_url":"http:\/\/abs.twimg.com\/images\/themes\/theme1\/bg.png","profile_background_image_url_https":"https:\/\/abs.twimg.com\/images\/themes\/theme1\/bg.png","profile_background_tile":false,"profile_image_url":"http:\/\/pbs.twimg.com\/profile_images\/1729590460\/logo9_normal.jpg","profile_image_url_https":"https:\/\/pbs.twimg.com\/profile_images\/1729590460\/logo9_normal.jpg","profile_banner_url":"https:\/\/pbs.twimg.com\/profile_banners\/435115014\/1421930976","profile_link_color":"049BD1","profile_sidebar_border_color":"C0DEED","profile_sidebar_fill_color":"DDEEF6","profile_text_color":"333333","profile_use_background_image":true,"has_extended_profile":false,"default_profile":false,"default_profile_image":false,"following":false,"follow_request_sent":false,"notifications":false,"translator_type":"none"},"geo":null,"coordinates":null,"place":null,"contributors":null,"retweeted_status":{"created_at":"Thu Jul 28 16:49:55 +0000 2016","id":758706060244971524,"id_str":"758706060244971524","text":"How to install XSTORE #woocommerce #wordpress theme https:\/\/t.co\/p6aGfnLbXa","truncated":false,"entities":{"hashtags":[{"text":"woocommerce","indices":[22,34]},{"text":"wordpress","indices":[35,45]}],"symbols":[],"user_mentions":[],"urls":[{"url":"https:\/\/t.co\/p6aGfnLbXa","expanded_url":"https:\/\/www.youtube.com\/watch?v=bHE_UhSJM10&feature=youtu.be","display_url":"youtube.com\/watch?v=bHE_Uh\u2026","indices":[52,75]}]},"source":"<a href=\"http:\/\/twitter.com\" rel=\"nofollow\">Twitter Web Client<\/a>","in_reply_to_status_id":null,"in_reply_to_status_id_str":null,"in_reply_to_user_id":null,"in_reply_to_user_id_str":null,"in_reply_to_screen_name":null,"user":{"id":435115014,"id_str":"435115014","name":"8theme","screen_name":"8theme","location":"London","description":"Welcome to 8theme. We are a team of designers and developers that create high quality WordPress themes and provide premium support to our products.","url":"http:\/\/t.co\/cjIosHxdUi","entities":{"url":{"urls":[{"url":"http:\/\/t.co\/cjIosHxdUi","expanded_url":"http:\/\/8theme.com","display_url":"8theme.com","indices":[0,22]}]},"description":{"urls":[]}},"protected":false,"followers_count":0,"friends_count":0,"listed_count":0,"created_at":"Mon Dec 12 17:56:27 +0000 2011","favourites_count":0,"utc_offset":null,"time_zone":null,"geo_enabled":false,"verified":false,"statuses_count":407,"lang":null,"contributors_enabled":false,"is_translator":false,"is_translation_enabled":false,"profile_background_color":"FFFFFF","profile_background_image_url":"http:\/\/abs.twimg.com\/images\/themes\/theme1\/bg.png","profile_background_image_url_https":"https:\/\/abs.twimg.com\/images\/themes\/theme1\/bg.png","profile_background_tile":false,"profile_image_url":"http:\/\/pbs.twimg.com\/profile_images\/1729590460\/logo9_normal.jpg","profile_image_url_https":"https:\/\/pbs.twimg.com\/profile_images\/1729590460\/logo9_normal.jpg","profile_banner_url":"https:\/\/pbs.twimg.com\/profile_banners\/435115014\/1421930976","profile_link_color":"049BD1","profile_sidebar_border_color":"C0DEED","profile_sidebar_fill_color":"DDEEF6","profile_text_color":"333333","profile_use_background_image":true,"has_extended_profile":false,"default_profile":false,"default_profile_image":false,"following":false,"follow_request_sent":false,"notifications":false,"translator_type":"none"},"geo":null,"coordinates":null,"place":null,"contributors":null,"is_quote_status":false,"retweet_count":1,"favorite_count":1,"favorited":true,"retweeted":true,"possibly_sensitive":false,"lang":"en"},"is_quote_status":false,"retweet_count":1,"favorite_count":0,"favorited":true,"retweeted":true,"possibly_sensitive":false,"lang":"en"},{"created_at":"Fri Aug 12 07:43:45 +0000 2016","id":764004430249275393,"id_str":"764004430249275393","text":"CHECK OUT! How to Create eCommerce with Shopify in #Woocommerce themes...\nhttps:\/\/t.co\/J63fUaXGNt https:\/\/t.co\/Fr9aPhn5r7","truncated":false,"entities":{"hashtags":[{"text":"Woocommerce","indices":[51,63]}],"symbols":[],"user_mentions":[],"urls":[{"url":"https:\/\/t.co\/J63fUaXGNt","expanded_url":"https:\/\/www.8theme.com\/blog\/create-ecommerce-shopify-woocommerce-themes\/","display_url":"8theme.com\/blog\/create-ec\u2026","indices":[74,97]}],"media":[{"id":764004422464569344,"id_str":"764004422464569344","indices":[98,121],"media_url":"http:\/\/pbs.twimg.com\/media\/CppJ-W_UAAAG0F0.jpg","media_url_https":"https:\/\/pbs.twimg.com\/media\/CppJ-W_UAAAG0F0.jpg","url":"https:\/\/t.co\/Fr9aPhn5r7","display_url":"pic.twitter.com\/Fr9aPhn5r7","expanded_url":"https:\/\/twitter.com\/8theme\/status\/764004430249275393\/photo\/1","type":"photo","sizes":{"thumb":{"w":150,"h":150,"resize":"crop"},"medium":{"w":770,"h":400,"resize":"fit"},"small":{"w":680,"h":353,"resize":"fit"},"large":{"w":770,"h":400,"resize":"fit"}}}]},"extended_entities":{"media":[{"id":764004422464569344,"id_str":"764004422464569344","indices":[98,121],"media_url":"http:\/\/pbs.twimg.com\/media\/CppJ-W_UAAAG0F0.jpg","media_url_https":"https:\/\/pbs.twimg.com\/media\/CppJ-W_UAAAG0F0.jpg","url":"https:\/\/t.co\/Fr9aPhn5r7","display_url":"pic.twitter.com\/Fr9aPhn5r7","expanded_url":"https:\/\/twitter.com\/8theme\/status\/764004430249275393\/photo\/1","type":"photo","sizes":{"thumb":{"w":150,"h":150,"resize":"crop"},"medium":{"w":770,"h":400,"resize":"fit"},"small":{"w":680,"h":353,"resize":"fit"},"large":{"w":770,"h":400,"resize":"fit"}}}]},"source":"<a href=\"http:\/\/twitter.com\" rel=\"nofollow\">Twitter Web Client<\/a>","in_reply_to_status_id":null,"in_reply_to_status_id_str":null,"in_reply_to_user_id":null,"in_reply_to_user_id_str":null,"in_reply_to_screen_name":null,"user":{"id":435115014,"id_str":"435115014","name":"8theme","screen_name":"8theme","location":"London","description":"Welcome to 8theme. We are a team of designers and developers that create high quality WordPress themes and provide premium support to our products.","url":"http:\/\/t.co\/cjIosHxdUi","entities":{"url":{"urls":[{"url":"http:\/\/t.co\/cjIosHxdUi","expanded_url":"http:\/\/8theme.com","display_url":"8theme.com","indices":[0,22]}]},"description":{"urls":[]}},"protected":false,"followers_count":0,"friends_count":0,"listed_count":0,"created_at":"Mon Dec 12 17:56:27 +0000 2011","favourites_count":0,"utc_offset":null,"time_zone":null,"geo_enabled":false,"verified":false,"statuses_count":407,"lang":null,"contributors_enabled":false,"is_translator":false,"is_translation_enabled":false,"profile_background_color":"FFFFFF","profile_background_image_url":"http:\/\/abs.twimg.com\/images\/themes\/theme1\/bg.png","profile_background_image_url_https":"https:\/\/abs.twimg.com\/images\/themes\/theme1\/bg.png","profile_background_tile":false,"profile_image_url":"http:\/\/pbs.twimg.com\/profile_images\/1729590460\/logo9_normal.jpg","profile_image_url_https":"https:\/\/pbs.twimg.com\/profile_images\/1729590460\/logo9_normal.jpg","profile_banner_url":"https:\/\/pbs.twimg.com\/profile_banners\/435115014\/1421930976","profile_link_color":"049BD1","profile_sidebar_border_color":"C0DEED","profile_sidebar_fill_color":"DDEEF6","profile_text_color":"333333","profile_use_background_image":true,"has_extended_profile":false,"default_profile":false,"default_profile_image":false,"following":false,"follow_request_sent":false,"notifications":false,"translator_type":"none"},"geo":null,"coordinates":null,"place":null,"contributors":null,"is_quote_status":false,"retweet_count":0,"favorite_count":0,"favorited":true,"retweeted":false,"possibly_sensitive":false,"lang":"en"},{"created_at":"Fri Aug 12 07:05:59 +0000 2016","id":763994928422658049,"id_str":"763994928422658049","text":"Designing an Online Store? 7 Useful WordPress Themes to Consider - Speckyboy Design Magazine: https:\/\/t.co\/HH8iJfohvW","truncated":false,"entities":{"hashtags":[],"symbols":[],"user_mentions":[],"urls":[{"url":"https:\/\/t.co\/HH8iJfohvW","expanded_url":"https:\/\/speckyboy.com\/2016\/08\/10\/useful-wordpress-ecommerce-themes-consider\/","display_url":"speckyboy.com\/2016\/08\/10\/use\u2026","indices":[94,117]}]},"source":"<a href=\"http:\/\/twitter.com\" rel=\"nofollow\">Twitter Web Client<\/a>","in_reply_to_status_id":null,"in_reply_to_status_id_str":null,"in_reply_to_user_id":null,"in_reply_to_user_id_str":null,"in_reply_to_screen_name":null,"user":{"id":435115014,"id_str":"435115014","name":"8theme","screen_name":"8theme","location":"London","description":"Welcome to 8theme. We are a team of designers and developers that create high quality WordPress themes and provide premium support to our products.","url":"http:\/\/t.co\/cjIosHxdUi","entities":{"url":{"urls":[{"url":"http:\/\/t.co\/cjIosHxdUi","expanded_url":"http:\/\/8theme.com","display_url":"8theme.com","indices":[0,22]}]},"description":{"urls":[]}},"protected":false,"followers_count":0,"friends_count":0,"listed_count":0,"created_at":"Mon Dec 12 17:56:27 +0000 2011","favourites_count":0,"utc_offset":null,"time_zone":null,"geo_enabled":false,"verified":false,"statuses_count":407,"lang":null,"contributors_enabled":false,"is_translator":false,"is_translation_enabled":false,"profile_background_color":"FFFFFF","profile_background_image_url":"http:\/\/abs.twimg.com\/images\/themes\/theme1\/bg.png","profile_background_image_url_https":"https:\/\/abs.twimg.com\/images\/themes\/theme1\/bg.png","profile_background_tile":false,"profile_image_url":"http:\/\/pbs.twimg.com\/profile_images\/1729590460\/logo9_normal.jpg","profile_image_url_https":"https:\/\/pbs.twimg.com\/profile_images\/1729590460\/logo9_normal.jpg","profile_banner_url":"https:\/\/pbs.twimg.com\/profile_banners\/435115014\/1421930976","profile_link_color":"049BD1","profile_sidebar_border_color":"C0DEED","profile_sidebar_fill_color":"DDEEF6","profile_text_color":"333333","profile_use_background_image":true,"has_extended_profile":false,"default_profile":false,"default_profile_image":false,"following":false,"follow_request_sent":false,"notifications":false,"translator_type":"none"},"geo":null,"coordinates":null,"place":null,"contributors":null,"is_quote_status":false,"retweet_count":0,"favorite_count":0,"favorited":false,"retweeted":false,"possibly_sensitive":false,"lang":"en"}]